{"cameraMode":{"drawMode":0,"name":"Shaded","section":"Shading Mode"},"sceneLighting":true,"audioPlay":false,"sceneViewState":{"m_AlwaysRefresh":false,"showFog":true,"showSkybox":true,"showFlares":true,"showImageEffects":true,"showParticleSystems":true,"showVisualEffectGraphs":true,"m_FxEnabled":true},"in2DMode":false,"pivot":{"x":180.4857940673828,"y":10.068923950195313,"z":185.25787353515626},"rotation":{"x":-0.008617924526333809,"y":0.9972943067550659,"z":-0.08907443284988404,"w":0.02595577947795391},"size":2.2408835887908937,"orthographic":false}